-- MySQL dump 10.13  Distrib 8.0.26, for Win64 (x86_64)
--
-- Host: 127.0.0.1    Database: tif
-- ------------------------------------------------------
-- Server version	5.7.35-log

/*!40101 SET @OLD_CHARACTER_SET_CLIENT=@@CHARACTER_SET_CLIENT */;
/*!40101 SET @OLD_CHARACTER_SET_RESULTS=@@CHARACTER_SET_RESULTS */;
/*!40101 SET @OLD_COLLATION_CONNECTION=@@COLLATION_CONNECTION */;
/*!50503 SET NAMES utf8 */;
/*!40103 SET @OLD_TIME_ZONE=@@TIME_ZONE */;
/*!40103 SET TIME_ZONE='+00:00' */;
/*!40014 SET @OLD_UNIQUE_CHECKS=@@UNIQUE_CHECKS, UNIQUE_CHECKS=0 */;
/*!40014 SET @OLD_FOREIGN_KEY_CHECKS=@@FOREIGN_KEY_CHECKS, FOREIGN_KEY_CHECKS=0 */;
/*!40101 SET @OLD_SQL_MODE=@@SQL_MODE, SQL_MODE='NO_AUTO_VALUE_ON_ZERO' */;
/*!40111 SET @OLD_SQL_NOTES=@@SQL_NOTES, SQL_NOTES=0 */;

--
-- Table structure for table `administradores`
--

DROP TABLE IF EXISTS `administradores`;
/*!40101 SET @saved_cs_client     = @@character_set_client */;
/*!50503 SET character_set_client = utf8mb4 */;
CREATE TABLE `administradores` (
  `dni_admin` varchar(12) NOT NULL,
  `nacionalidad_admin` varchar(2) NOT NULL,
  `estado_admin` bit(1) NOT NULL,
  `salt_admin` varbinary(24) NOT NULL,
  `apellido_admin` varchar(48) NOT NULL,
  `cuil_admin` varchar(16) NOT NULL,
  `localidad_admin` int(11) NOT NULL,
  `nombre_admin` varchar(48) NOT NULL,
  `hash_admin` varbinary(64) NOT NULL,
  `usuario_admin` varchar(20) NOT NULL,
  `correo_admin` varchar(255) NOT NULL,
  `direccion_admin` varchar(128) NOT NULL,
  `sexo_admin` varchar(3) NOT NULL,
  `provincia_admin` int(11) NOT NULL,
  `fechaNacimiento_admin` date NOT NULL,
  PRIMARY KEY (`usuario_admin`),
  UNIQUE KEY `dni_admin` (`dni_admin`),
  UNIQUE KEY `cuil_admin` (`cuil_admin`)
) ENGINE=InnoDB DEFAULT CHARSET=latin1;
/*!40101 SET character_set_client = @saved_cs_client */;

--
-- Dumping data for table `administradores`
--

LOCK TABLES `administradores` WRITE;
/*!40000 ALTER TABLE `administradores` DISABLE KEYS */;
INSERT INTO `administradores` VALUES ('35000100','AR',_binary '',_binary 'ä†\¬\ÿ»òÛ†.{#a','Da Silva','20350001005',6805,'H√©ctor',_binary '¨ÆÚG\Âûı$\Õ\›@!˜k•\Î®\«v¥\ÓO\ÌûAPõÚ¡','hector','hector.silva@empleados.bank.org','Av. Dardo Rocha 1350','M',6,'1984-06-20'),('35000102','AU',_binary '',_binary 'yr\ÔY¶è\€\ﬁx\∆@íã\Õ','Dime','24350001025',6805,'Joseph Derrick',_binary 'l\Á7\0öAj(ãˇG\·\‡Òaó´É¥T˝\Í6\«\—\⁄Añ\È','joseph_dime','joseph.dime@empleados.bank.org','Av. Larralde 1670','M',6,'1980-11-11'),('35000115','AR',_binary '',_binary 'øt|\‡˛Wˆ∑|KY8==´','S√°nchez','21350001155',6252,'Margarita Antonella',_binary '¬∫ãc\…)~3&¯v∏(7Á©†\Ï\Â†p\…R\»MîcÙ,\‹7','Margo_Sanchez_60','margo.sanchez@empleados.bank.org','Mart√≠n A√±ejo 1252 PB A','F',6,'1960-04-12'),('10000001','AR',_binary '',_binary 'eç\«¨\–tuß›áª7B$','del Sistema','10100000010',78007,'Administrador',_binary 'AÇÑ\›Z˜NÆˆQ2h£õI˘G\‚]êÙ,Hîªt…à|å','root','root@support.bank.org',' ~ No address ~ ','M',78,'2000-01-01');
/*!40000 ALTER TABLE `administradores` ENABLE KEYS */;
UNLOCK TABLES;

--
-- Table structure for table `continents`
--

DROP TABLE IF EXISTS `continents`;
/*!40101 SET @saved_cs_client     = @@character_set_client */;
/*!50503 SET character_set_client = utf8mb4 */;
CREATE TABLE `continents` (
  `code` char(2) NOT NULL COMMENT 'Continent code',
  `name` varchar(255) DEFAULT NULL,
  PRIMARY KEY (`code`)
) ENGINE=InnoDB DEFAULT CHARSET=latin1;
/*!40101 SET character_set_client = @saved_cs_client */;

--
-- Dumping data for table `continents`
--

LOCK TABLES `continents` WRITE;
/*!40000 ALTER TABLE `continents` DISABLE KEYS */;
INSERT INTO `continents` VALUES ('AF','Africa'),('AN','Antarctica'),('AS','Asia'),('EU','Europe'),('NA','North America'),('OC','Oceania'),('SA','South America');
/*!40000 ALTER TABLE `continents` ENABLE KEYS */;
UNLOCK TABLES;

--
-- Table structure for table `countries`
--

DROP TABLE IF EXISTS `countries`;
/*!40101 SET @saved_cs_client     = @@character_set_client */;
/*!50503 SET character_set_client = utf8mb4 */;
CREATE TABLE `countries` (
  `code` char(2) NOT NULL COMMENT 'Two-letter country code (ISO 3166-1 alpha-2)',
  `name` varchar(255) NOT NULL COMMENT 'English country name',
  `full_name` varchar(255) NOT NULL COMMENT 'Full English country name',
  `iso3` char(3) NOT NULL COMMENT 'Three-letter country code (ISO 3166-1 alpha-3)',
  `number` char(3) NOT NULL COMMENT 'Three-digit country number (ISO 3166-1 numeric)',
  `continent_code` char(2) NOT NULL,
  PRIMARY KEY (`code`),
  KEY `continent_code` (`continent_code`),
  CONSTRAINT `fk_countries_continents` FOREIGN KEY (`continent_code`) REFERENCES `continents` (`code`)
) ENGINE=InnoDB DEFAULT CHARSET=latin1;
/*!40101 SET character_set_client = @saved_cs_client */;

--
-- Dumping data for table `countries`
--

LOCK TABLES `countries` WRITE;
/*!40000 ALTER TABLE `countries` DISABLE KEYS */;
INSERT INTO `countries` VALUES ('AD','Andorra','Principality of Andorra','AND','020','EU'),('AE','United Arab Emirates','United Arab Emirates','ARE','784','AS'),('AF','Afghanistan','Islamic Republic of Afghanistan','AFG','004','AS'),('AG','Antigua and Barbuda','Antigua and Barbuda','ATG','028','NA'),('AI','Anguilla','Anguilla','AIA','660','NA'),('AL','Albania','Republic of Albania','ALB','008','EU'),('AM','Armenia','Republic of Armenia','ARM','051','AS'),('AO','Angola','Republic of Angola','AGO','024','AF'),('AQ','Antarctica','Antarctica (the territory South of 60 deg S)','ATA','010','AN'),('AR','Argentina','Argentine Republic','ARG','032','SA'),('AS','American Samoa','American Samoa','ASM','016','OC'),('AT','Austria','Republic of Austria','AUT','040','EU'),('AU','Australia','Commonwealth of Australia','AUS','036','OC'),('AW','Aruba','Aruba','ABW','533','NA'),('AX','√Öland Islands','√Öland Islands','ALA','248','EU'),('AZ','Azerbaijan','Republic of Azerbaijan','AZE','031','AS'),('BA','Bosnia and Herzegovina','Bosnia and Herzegovina','BIH','070','EU'),('BB','Barbados','Barbados','BRB','052','NA'),('BD','Bangladesh','People\'s Republic of Bangladesh','BGD','050','AS'),('BE','Belgium','Kingdom of Belgium','BEL','056','EU'),('BF','Burkina Faso','Burkina Faso','BFA','854','AF'),('BG','Bulgaria','Republic of Bulgaria','BGR','100','EU'),('BH','Bahrain','Kingdom of Bahrain','BHR','048','AS'),('BI','Burundi','Republic of Burundi','BDI','108','AF'),('BJ','Benin','Republic of Benin','BEN','204','AF'),('BL','Saint Barth√©lemy','Saint Barth√©lemy','BLM','652','NA'),('BM','Bermuda','Bermuda','BMU','060','NA'),('BN','Brunei Darussalam','Brunei Darussalam','BRN','096','AS'),('BO','Bolivia','Plurinational State of Bolivia','BOL','068','SA'),('BQ','Bonaire, Sint Eustatius and Saba','Bonaire, Sint Eustatius and Saba','BES','535','NA'),('BR','Brazil','Federative Republic of Brazil','BRA','076','SA'),('BS','Bahamas','Commonwealth of the Bahamas','BHS','044','NA'),('BT','Bhutan','Kingdom of Bhutan','BTN','064','AS'),('BV','Bouvet Island (Bouvet√∏ya)','Bouvet Island (Bouvet√∏ya)','BVT','074','AN'),('BW','Botswana','Republic of Botswana','BWA','072','AF'),('BY','Belarus','Republic of Belarus','BLR','112','EU'),('BZ','Belize','Belize','BLZ','084','NA'),('CA','Canada','Canada','CAN','124','NA'),('CC','Cocos (Keeling) Islands','Cocos (Keeling) Islands','CCK','166','AS'),('CD','Congo','Democratic Republic of the Congo','COD','180','AF'),('CF','Central African Republic','Central African Republic','CAF','140','AF'),('CG','Congo','Republic of the Congo','COG','178','AF'),('CH','Switzerland','Swiss Confederation','CHE','756','EU'),('CI','Cote d\'Ivoire','Republic of Cote d\'Ivoire','CIV','384','AF'),('CK','Cook Islands','Cook Islands','COK','184','OC'),('CL','Chile','Republic of Chile','CHL','152','SA'),('CM','Cameroon','Republic of Cameroon','CMR','120','AF'),('CN','China','People\'s Republic of China','CHN','156','AS'),('CO','Colombia','Republic of Colombia','COL','170','SA'),('CR','Costa Rica','Republic of Costa Rica','CRI','188','NA'),('CU','Cuba','Republic of Cuba','CUB','192','NA'),('CV','Cabo Verde','Republic of Cabo Verde','CPV','132','AF'),('CW','Cura√ßao','Cura√ßao','CUW','531','NA'),('CX','Christmas Island','Christmas Island','CXR','162','AS'),('CY','Cyprus','Republic of Cyprus','CYP','196','AS'),('CZ','Czechia','Czech Republic','CZE','203','EU'),('DE','Germany','Federal Republic of Germany','DEU','276','EU'),('DJ','Djibouti','Republic of Djibouti','DJI','262','AF'),('DK','Denmark','Kingdom of Denmark','DNK','208','EU'),('DM','Dominica','Commonwealth of Dominica','DMA','212','NA'),('DO','Dominican Republic','Dominican Republic','DOM','214','NA'),('DZ','Algeria','People\'s Democratic Republic of Algeria','DZA','012','AF'),('EC','Ecuador','Republic of Ecuador','ECU','218','SA'),('EE','Estonia','Republic of Estonia','EST','233','EU'),('EG','Egypt','Arab Republic of Egypt','EGY','818','AF'),('EH','Western Sahara','Western Sahara','ESH','732','AF'),('ER','Eritrea','State of Eritrea','ERI','232','AF'),('ES','Spain','Kingdom of Spain','ESP','724','EU'),('ET','Ethiopia','Federal Democratic Republic of Ethiopia','ETH','231','AF'),('FI','Finland','Republic of Finland','FIN','246','EU'),('FJ','Fiji','Republic of Fiji','FJI','242','OC'),('FK','Falkland Islands (Malvinas)','Falkland Islands (Malvinas)','FLK','238','SA'),('FM','Micronesia','Federated States of Micronesia','FSM','583','OC'),('FO','Faroe Islands','Faroe Islands','FRO','234','EU'),('FR','France','French Republic','FRA','250','EU'),('GA','Gabon','Gabonese Republic','GAB','266','AF'),('GB','United Kingdom of Great Britain and Northern Ireland','United Kingdom of Great Britain & Northern Ireland','GBR','826','EU'),('GD','Grenada','Grenada','GRD','308','NA'),('GE','Georgia','Georgia','GEO','268','AS'),('GF','French Guiana','French Guiana','GUF','254','SA'),('GG','Guernsey','Bailiwick of Guernsey','GGY','831','EU'),('GH','Ghana','Republic of Ghana','GHA','288','AF'),('GI','Gibraltar','Gibraltar','GIB','292','EU'),('GL','Greenland','Greenland','GRL','304','NA'),('GM','Gambia','Republic of the Gambia','GMB','270','AF'),('GN','Guinea','Republic of Guinea','GIN','324','AF'),('GP','Guadeloupe','Guadeloupe','GLP','312','NA'),('GQ','Equatorial Guinea','Republic of Equatorial Guinea','GNQ','226','AF'),('GR','Greece','Hellenic Republic of Greece','GRC','300','EU'),('GS','South Georgia and the South Sandwich Islands','South Georgia and the South Sandwich Islands','SGS','239','AN'),('GT','Guatemala','Republic of Guatemala','GTM','320','NA'),('GU','Guam','Guam','GUM','316','OC'),('GW','Guinea-Bissau','Republic of Guinea-Bissau','GNB','624','AF'),('GY','Guyana','Co-operative Republic of Guyana','GUY','328','SA'),('HK','Hong Kong','Hong Kong Special Administrative Region of China','HKG','344','AS'),('HM','Heard Island and McDonald Islands','Heard Island and McDonald Islands','HMD','334','AN'),('HN','Honduras','Republic of Honduras','HND','340','NA'),('HR','Croatia','Republic of Croatia','HRV','191','EU'),('HT','Haiti','Republic of Haiti','HTI','332','NA'),('HU','Hungary','Hungary','HUN','348','EU'),('ID','Indonesia','Republic of Indonesia','IDN','360','AS'),('IE','Ireland','Ireland','IRL','372','EU'),('IL','Israel','State of Israel','ISR','376','AS'),('IM','Isle of Man','Isle of Man','IMN','833','EU'),('IN','India','Republic of India','IND','356','AS'),('IO','British Indian Ocean Territory (Chagos Archipelago)','British Indian Ocean Territory (Chagos Archipelago)','IOT','086','AS'),('IQ','Iraq','Republic of Iraq','IRQ','368','AS'),('IR','Iran','Islamic Republic of Iran','IRN','364','AS'),('IS','Iceland','Iceland','ISL','352','EU'),('IT','Italy','Republic of Italy','ITA','380','EU'),('JE','Jersey','Bailiwick of Jersey','JEY','832','EU'),('JM','Jamaica','Jamaica','JAM','388','NA'),('JO','Jordan','Hashemite Kingdom of Jordan','JOR','400','AS'),('JP','Japan','Japan','JPN','392','AS'),('KE','Kenya','Republic of Kenya','KEN','404','AF'),('KG','Kyrgyz Republic','Kyrgyz Republic','KGZ','417','AS'),('KH','Cambodia','Kingdom of Cambodia','KHM','116','AS'),('KI','Kiribati','Republic of Kiribati','KIR','296','OC'),('KM','Comoros','Union of the Comoros','COM','174','AF'),('KN','Saint Kitts and Nevis','Federation of Saint Kitts and Nevis','KNA','659','NA'),('KP','Korea','Democratic People\'s Republic of Korea','PRK','408','AS'),('KR','Korea','Republic of Korea','KOR','410','AS'),('KW','Kuwait','State of Kuwait','KWT','414','AS'),('KY','Cayman Islands','Cayman Islands','CYM','136','NA'),('KZ','Kazakhstan','Republic of Kazakhstan','KAZ','398','AS'),('LA','Lao People\'s Democratic Republic','Lao People\'s Democratic Republic','LAO','418','AS'),('LB','Lebanon','Lebanese Republic','LBN','422','AS'),('LC','Saint Lucia','Saint Lucia','LCA','662','NA'),('LI','Liechtenstein','Principality of Liechtenstein','LIE','438','EU'),('LK','Sri Lanka','Democratic Socialist Republic of Sri Lanka','LKA','144','AS'),('LR','Liberia','Republic of Liberia','LBR','430','AF'),('LS','Lesotho','Kingdom of Lesotho','LSO','426','AF'),('LT','Lithuania','Republic of Lithuania','LTU','440','EU'),('LU','Luxembourg','Grand Duchy of Luxembourg','LUX','442','EU'),('LV','Latvia','Republic of Latvia','LVA','428','EU'),('LY','Libya','State of Libya','LBY','434','AF'),('MA','Morocco','Kingdom of Morocco','MAR','504','AF'),('MC','Monaco','Principality of Monaco','MCO','492','EU'),('MD','Moldova','Republic of Moldova','MDA','498','EU'),('ME','Montenegro','Montenegro','MNE','499','EU'),('MF','Saint Martin','Saint Martin (French part)','MAF','663','NA'),('MG','Madagascar','Republic of Madagascar','MDG','450','AF'),('MH','Marshall Islands','Republic of the Marshall Islands','MHL','584','OC'),('MK','North Macedonia','Republic of North Macedonia','MKD','807','EU'),('ML','Mali','Republic of Mali','MLI','466','AF'),('MM','Myanmar','Republic of the Union of Myanmar','MMR','104','AS'),('MN','Mongolia','Mongolia','MNG','496','AS'),('MO','Macao','Macao Special Administrative Region of China','MAC','446','AS'),('MP','Northern Mariana Islands','Commonwealth of the Northern Mariana Islands','MNP','580','OC'),('MQ','Martinique','Martinique','MTQ','474','NA'),('MR','Mauritania','Islamic Republic of Mauritania','MRT','478','AF'),('MS','Montserrat','Montserrat','MSR','500','NA'),('MT','Malta','Republic of Malta','MLT','470','EU'),('MU','Mauritius','Republic of Mauritius','MUS','480','AF'),('MV','Maldives','Republic of Maldives','MDV','462','AS'),('MW','Malawi','Republic of Malawi','MWI','454','AF'),('MX','Mexico','United Mexican States','MEX','484','NA'),('MY','Malaysia','Malaysia','MYS','458','AS'),('MZ','Mozambique','Republic of Mozambique','MOZ','508','AF'),('NA','Namibia','Republic of Namibia','NAM','516','AF'),('NC','New Caledonia','New Caledonia','NCL','540','OC'),('NE','Niger','Republic of Niger','NER','562','AF'),('NF','Norfolk Island','Norfolk Island','NFK','574','OC'),('NG','Nigeria','Federal Republic of Nigeria','NGA','566','AF'),('NI','Nicaragua','Republic of Nicaragua','NIC','558','NA'),('NL','Netherlands','Kingdom of the Netherlands','NLD','528','EU'),('NO','Norway','Kingdom of Norway','NOR','578','EU'),('NP','Nepal','Nepal','NPL','524','AS'),('NR','Nauru','Republic of Nauru','NRU','520','OC'),('NU','Niue','Niue','NIU','570','OC'),('NZ','New Zealand','New Zealand','NZL','554','OC'),('OM','Oman','Sultanate of Oman','OMN','512','AS'),('PA','Panama','Republic of Panama','PAN','591','NA'),('PE','Peru','Republic of Peru','PER','604','SA'),('PF','French Polynesia','French Polynesia','PYF','258','OC'),('PG','Papua New Guinea','Independent State of Papua New Guinea','PNG','598','OC'),('PH','Philippines','Republic of the Philippines','PHL','608','AS'),('PK','Pakistan','Islamic Republic of Pakistan','PAK','586','AS'),('PL','Poland','Republic of Poland','POL','616','EU'),('PM','Saint Pierre and Miquelon','Saint Pierre and Miquelon','SPM','666','NA'),('PN','Pitcairn Islands','Pitcairn Islands','PCN','612','OC'),('PR','Puerto Rico','Commonwealth of Puerto Rico','PRI','630','NA'),('PS','Palestine','State of Palestine','PSE','275','AS'),('PT','Portugal','Portuguese Republic','PRT','620','EU'),('PW','Palau','Republic of Palau','PLW','585','OC'),('PY','Paraguay','Republic of Paraguay','PRY','600','SA'),('QA','Qatar','State of Qatar','QAT','634','AS'),('RE','R√©union','R√©union','REU','638','AF'),('RO','Romania','Romania','ROU','642','EU'),('RS','Serbia','Republic of Serbia','SRB','688','EU'),('RU','Russian Federation','Russian Federation','RUS','643','EU'),('RW','Rwanda','Republic of Rwanda','RWA','646','AF'),('SA','Saudi Arabia','Kingdom of Saudi Arabia','SAU','682','AS'),('SB','Solomon Islands','Solomon Islands','SLB','090','OC'),('SC','Seychelles','Republic of Seychelles','SYC','690','AF'),('SD','Sudan','Republic of Sudan','SDN','729','AF'),('SE','Sweden','Kingdom of Sweden','SWE','752','EU'),('SG','Singapore','Republic of Singapore','SGP','702','AS'),('SH','Saint Helena, Ascension and Tristan da Cunha','Saint Helena, Ascension and Tristan da Cunha','SHN','654','AF'),('SI','Slovenia','Republic of Slovenia','SVN','705','EU'),('SJ','Svalbard & Jan Mayen Islands','Svalbard & Jan Mayen Islands','SJM','744','EU'),('SK','Slovakia (Slovak Republic)','Slovakia (Slovak Republic)','SVK','703','EU'),('SL','Sierra Leone','Republic of Sierra Leone','SLE','694','AF'),('SM','San Marino','Republic of San Marino','SMR','674','EU'),('SN','Senegal','Republic of Senegal','SEN','686','AF'),('SO','Somalia','Federal Republic of Somalia','SOM','706','AF'),('SR','Suriname','Republic of Suriname','SUR','740','SA'),('SS','South Sudan','Republic of South Sudan','SSD','728','AF'),('ST','Sao Tome and Principe','Democratic Republic of Sao Tome and Principe','STP','678','AF'),('SV','El Salvador','Republic of El Salvador','SLV','222','NA'),('SX','Sint Maarten (Dutch part)','Sint Maarten (Dutch part)','SXM','534','NA'),('SY','Syrian Arab Republic','Syrian Arab Republic','SYR','760','AS'),('SZ','Eswatini','Kingdom of Eswatini','SWZ','748','AF'),('TC','Turks and Caicos Islands','Turks and Caicos Islands','TCA','796','NA'),('TD','Chad','Republic of Chad','TCD','148','AF'),('TF','French Southern Territories','French Southern Territories','ATF','260','AN'),('TG','Togo','Togolese Republic','TGO','768','AF'),('TH','Thailand','Kingdom of Thailand','THA','764','AS'),('TJ','Tajikistan','Republic of Tajikistan','TJK','762','AS'),('TK','Tokelau','Tokelau','TKL','772','OC'),('TL','Timor-Leste','Democratic Republic of Timor-Leste','TLS','626','AS'),('TM','Turkmenistan','Turkmenistan','TKM','795','AS'),('TN','Tunisia','Tunisian Republic','TUN','788','AF'),('TO','Tonga','Kingdom of Tonga','TON','776','OC'),('TR','T√ºrkiye','Republic of T√ºrkiye','TUR','792','AS'),('TT','Trinidad and Tobago','Republic of Trinidad and Tobago','TTO','780','NA'),('TV','Tuvalu','Tuvalu','TUV','798','OC'),('TW','Taiwan','Taiwan, Province of China','TWN','158','AS'),('TZ','Tanzania','United Republic of Tanzania','TZA','834','AF'),('UA','Ukraine','Ukraine','UKR','804','EU'),('UG','Uganda','Republic of Uganda','UGA','800','AF'),('UM','United States Minor Outlying Islands','United States Minor Outlying Islands','UMI','581','OC'),('US','United States of America','United States of America','USA','840','NA'),('UY','Uruguay','Eastern Republic of Uruguay','URY','858','SA'),('UZ','Uzbekistan','Republic of Uzbekistan','UZB','860','AS'),('VA','Holy See (Vatican City State)','Holy See (Vatican City State)','VAT','336','EU'),('VC','Saint Vincent and the Grenadines','Saint Vincent and the Grenadines','VCT','670','NA'),('VE','Venezuela','Bolivarian Republic of Venezuela','VEN','862','SA'),('VG','British Virgin Islands','British Virgin Islands','VGB','092','NA'),('VI','United States Virgin Islands','United States Virgin Islands','VIR','850','NA'),('VN','Vietnam','Socialist Republic of Vietnam','VNM','704','AS'),('VU','Vanuatu','Republic of Vanuatu','VUT','548','OC'),('WF','Wallis and Futuna','Wallis and Futuna','WLF','876','OC'),('WS','Samoa','Independent State of Samoa','WSM','882','OC'),('YE','Yemen','Yemen','YEM','887','AS'),('YT','Mayotte','Mayotte','MYT','175','AF'),('ZA','South Africa','Republic of South Africa','ZAF','710','AF'),('ZM','Zambia','Republic of Zambia','ZMB','894','AF'),('ZW','Zimbabwe','Republic of Zimbabwe','ZWE','716','AF');
/*!40000 ALTER TABLE `countries` ENABLE KEYS */;
UNLOCK TABLES;

--
-- Table structure for table `localidades`
--

DROP TABLE IF EXISTS `localidades`;
/*!40101 SET @saved_cs_client     = @@character_set_client */;
/*!50503 SET character_set_client = utf8mb4 */;
CREATE TABLE `localidades` (
  `id_loc` int(11) NOT NULL,
  `nombre_loc` varchar(75) DEFAULT NULL,
  `provincia_loc` int(11) DEFAULT NULL,
  PRIMARY KEY (`id_loc`),
  KEY `fk_localidades_provincias` (`provincia_loc`),
  CONSTRAINT `fk_localidades_provincias` FOREIGN KEY (`provincia_loc`) REFERENCES `provincias` (`id_provincia`)
) ENGINE=InnoDB DEFAULT CHARSET=latin1;
/*!40101 SET character_set_client = @saved_cs_client */;

--
-- Dumping data for table `localidades`
--

LOCK TABLES `localidades` WRITE;
/*!40000 ALTER TABLE `localidades` DISABLE KEYS */;
INSERT INTO `localidades` VALUES (2007,'Comuna 1',2),(2014,'Comuna 2',2),(2021,'Comuna 3',2),(2028,'Comuna 4',2),(2035,'Comuna 5',2),(2042,'Comuna 6',2),(2049,'Comuna 7',2),(2056,'Comuna 8',2),(2063,'Comuna 9',2),(2070,'Comuna 10',2),(2077,'Comuna 11',2),(2084,'Comuna 12',2),(2091,'Comuna 13',2),(2098,'Comuna 14',2),(2105,'Comuna 15',2),(6007,'Adolfo Alsina',6),(6014,'Adolfo Gonzales Chaves',6),(6021,'Alberti',6),(6028,'Almirante Brown',6),(6035,'Avellaneda',6),(6042,'Ayacucho',6),(6049,'Azul',6),(6056,'Bah√≠a Blanca',6),(6063,'Balcarce',6),(6070,'Baradero',6),(6077,'Arrecifes',6),(6084,'Benito Ju√°rez',6),(6091,'Berazategui',6),(6098,'Berisso',6),(6105,'Bol√≠var',6),(6112,'Bragado',6),(6119,'Brandsen',6),(6126,'Campana',6),(6134,'Ca√±uelas',6),(6140,'Capit√°n Sarmiento',6),(6147,'Carlos Casares',6),(6154,'Carlos Tejedor',6),(6161,'Carmen de Areco',6),(6168,'Castelli',6),(6175,'Col√≥n',6),(6182,'Coronel de Marina Leonardo Rosales',6),(6189,'Coronel Dorrego',6),(6196,'Coronel Pringles',6),(6203,'Coronel Su√°rez',6),(6210,'Chacabuco',6),(6217,'Chascom√∫s',6),(6224,'Chivilcoy',6),(6231,'Daireaux',6),(6238,'Dolores',6),(6245,'Ensenada',6),(6252,'Escobar',6),(6260,'Esteban Echeverr√≠a',6),(6266,'Exaltaci√≥n de la Cruz',6),(6270,'Jos√© M. Ezeiza',6),(6274,'Florencio Varela',6),(6277,'Florentino Ameghino',6),(6280,'General Alvarado',6),(6287,'General Alvear',6),(6294,'General Arenales',6),(6301,'General Belgrano',6),(6308,'General Guido',6),(6315,'General Juan Madariaga',6),(6322,'General La Madrid',6),(6329,'General Las Heras',6),(6336,'General Lavalle',6),(6343,'General Paz',6),(6351,'General Pinto',6),(6357,'General Pueyrred√≥n',6),(6364,'General Rodr√≠guez',6),(6371,'Ciudad Libertador San Mart√≠n',6),(6385,'General Viamonte',6),(6392,'General Villegas',6),(6399,'Guamin√≠',6),(6406,'Hip√≥lito Yrigoyen',6),(6408,'Hurlingham',6),(6410,'Ituzaing√≥',6),(6412,'Jos√© C. Paz',6),(6413,'Jun√≠n',6),(6420,'La Costa',6),(6427,'La Matanza',6),(6434,'Lan√∫s',6),(6441,'La Plata',6),(6448,'Laprida',6),(6455,'Las Flores',6),(6462,'Leandro N. Alem',6),(6469,'Lincoln',6),(6476,'Lober√≠a',6),(6483,'Lobos',6),(6490,'Lomas de Zamora',6),(6497,'Luj√°n',6),(6505,'Magdalena',6),(6511,'Maip√∫',6),(6515,'Malvinas Argentinas',6),(6518,'Mar Chiquita',6),(6525,'Marcos Paz',6),(6532,'Mercedes',6),(6539,'Merlo',6),(6547,'Monte',6),(6553,'Monte Hermoso',6),(6560,'Moreno',6),(6568,'Mor√≥n',6),(6574,'Navarro',6),(6581,'Necochea',6),(6588,'9 de Julio',6),(6595,'Olavarr√≠a',6),(6602,'Patagones',6),(6609,'Pehuaj√≥',6),(6616,'Pellegrini',6),(6623,'Pergamino',6),(6630,'Pila',6),(6638,'Pilar',6),(6644,'Pinamar',6),(6648,'Presidente Per√≥n',6),(6651,'Pu√°n',6),(6655,'Punta Indio',6),(6658,'Quilmes',6),(6665,'Ramallo',6),(6672,'Rauch',6),(6679,'Rivadavia',6),(6686,'Rojas',6),(6693,'Roque P√©rez',6),(6700,'Saavedra',6),(6707,'Saladillo',6),(6714,'Salto',6),(6721,'Salliquel√≥',6),(6728,'San Andr√©s de Giles',6),(6735,'San Antonio de Areco',6),(6742,'San Cayetano',6),(6749,'San Fernando',6),(6756,'San Isidro',6),(6760,'San Miguel',6),(6763,'San Nicol√°s',6),(6770,'San Pedro',6),(6778,'San Vicente',6),(6784,'Suipacha',6),(6791,'Tandil',6),(6798,'Tapalqu√©',6),(6805,'Tigre',6),(6812,'Tordillo',6),(6819,'Tornquist',6),(6826,'Trenque Lauquen',6),(6833,'Tres Arroyos',6),(6840,'Tres de Febrero',6),(6847,'Tres Lomas',6),(6854,'25 de Mayo',6),(6861,'Vicente L√≥pez',6),(6868,'Villa Gesell',6),(6875,'Villarino',6),(6882,'Z√°rate',6),(10007,'Ambato',10),(10014,'Ancasti',10),(10021,'Andalgal√°',10),(10028,'Antofagasta de la Sierra',10),(10035,'Bel√©n',10),(10042,'Capay√°n',10),(10049,'Capital',10),(10056,'El Alto',10),(10063,'Fray Mamerto Esqui√∫',10),(10070,'La Paz',10),(10077,'Pacl√≠n',10),(10084,'Pom√°n',10),(10091,'Santa Mar√≠a',10),(10098,'Santa Rosa',10),(10105,'Tinogasta',10),(10112,'Valle Viejo',10),(14007,'Calamuchita',14),(14014,'Capital',14),(14021,'Col√≥n',14),(14028,'Cruz del Eje',14),(14035,'General Roca',14),(14042,'General San Mart√≠n',14),(14049,'Ischil√≠n',14),(14056,'Ju√°rez Celman',14),(14063,'Marcos Ju√°rez',14),(14070,'Minas',14),(14077,'Pocho',14),(14084,'Presidente Roque S√°enz Pe√±a',14),(14091,'Punilla',14),(14098,'R√≠o Cuarto',14),(14105,'R√≠o Primero',14),(14112,'R√≠o Seco',14),(14119,'R√≠o Segundo',14),(14126,'San Alberto',14),(14133,'San Javier',14),(14140,'San Justo',14),(14147,'Santa Mar√≠a',14),(14154,'Sobremonte',14),(14161,'Tercero Arriba',14),(14168,'Totoral',14),(14175,'Tulumba',14),(14182,'Uni√≥n',14),(18007,'Bella Vista',18),(18014,'Ber√≥n de Astrada',18),(18021,'Capital',18),(18028,'Concepci√≥n',18),(18035,'Curuzu Cuatia',18),(18042,'Empedrado',18),(18049,'Esquina',18),(18056,'General Alvear',18),(18063,'General Paz',18),(18070,'Goya',18),(18077,'Itat√≠',18),(18084,'Ituzaing√≥',18),(18091,'Lavalle',18),(18098,'Mburucuy√°',18),(18105,'Mercedes',18),(18112,'Monte Caseros',18),(18119,'Paso de los Libres',18),(18126,'Saladas',18),(18133,'San Cosme',18),(18140,'San Luis del Palmar',18),(18147,'San Mart√≠n',18),(18154,'San Miguel',18),(18161,'San Roque',18),(18168,'Santo Tom√©',18),(18175,'Sauce',18),(22007,'Almirante Brown',22),(22014,'Bermejo',22),(22021,'Comandante Fern√°ndez',22),(22028,'Chacabuco',22),(22036,'12 de Octubre',22),(22039,'2 de Abril',22),(22043,'Fray Justo Santa Mar√≠a de Oro',22),(22049,'General Belgrano',22),(22056,'General Donovan',22),(22063,'General G√ºemes',22),(22070,'Independencia',22),(22077,'Libertad',22),(22084,'Libertador General San Mart√≠n',22),(22091,'Maip√∫',22),(22098,'Mayor Luis J. Fontana',22),(22105,'9 de Julio',22),(22112,'O\'Higgins',22),(22119,'Presidencia de la Plaza',22),(22126,'1¬∞ de Mayo',22),(22133,'Quitilipi',22),(22140,'San Fernando',22),(22147,'San Lorenzo',22),(22154,'Sargento Cabral',22),(22161,'Tapenag√°',22),(22168,'25 de Mayo',22),(26007,'Biedma',26),(26014,'Cushamen',26),(26021,'Escalante',26),(26028,'Florentino Ameghino',26),(26035,'Futaleuf√∫',26),(26042,'Gaiman',26),(26049,'Gastre',26),(26056,'Langui√±eo',26),(26063,'M√°rtires',26),(26070,'Paso de Indios',26),(26077,'Rawson',26),(26084,'R√≠o Senguer',26),(26091,'Sarmiento',26),(26098,'Tehuelches',26),(26105,'Telsen',26),(30008,'Col√≥n',30),(30015,'Concordia',30),(30021,'Diamante',30),(30028,'Federaci√≥n',30),(30035,'Federal',30),(30042,'Feliciano',30),(30049,'Gualeguay',30),(30056,'Gualeguaych√∫',30),(30063,'Islas del Ibicuy',30),(30070,'La Paz',30),(30077,'Nogoy√°',30),(30084,'Paran√°',30),(30088,'San Salvador',30),(30091,'Tala',30),(30098,'Uruguay',30),(30105,'Victoria',30),(30113,'Villaguay',30),(34007,'Bermejo',34),(34014,'Formosa',34),(34021,'Laish√≠',34),(34028,'Matacos',34),(34035,'Pati√±o',34),(34042,'Pilag√°s',34),(34049,'Pilcomayo',34),(34056,'Piran√©',34),(34063,'Ram√≥n Lista',34),(38007,'Cochinoca',38),(38014,'El Carmen',38),(38021,'Dr. Manuel Belgrano',38),(38028,'Humahuaca',38),(38035,'Ledesma',38),(38042,'Palpal√°',38),(38049,'Rinconada',38),(38056,'San Antonio',38),(38063,'San Pedro',38),(38070,'Santa B√°rbara',38),(38077,'Santa Catalina',38),(38084,'Susques',38),(38094,'Tilcara',38),(38098,'Tumbaya',38),(38105,'Valle Grande',38),(38112,'Yav√≠',38),(42007,'Atreuc√≥',42),(42014,'Caleu Caleu',42),(42021,'Capital',42),(42028,'Catril√≥',42),(42035,'Conhelo',42),(42042,'Curac√≥',42),(42049,'Chalileo',42),(42056,'Chapaleuf√∫',42),(42063,'Chical Co',42),(42070,'Guatrach√©',42),(42077,'Hucal',42),(42084,'Lihuel Calel',42),(42091,'Limay Mahuida',42),(42098,'Loventu√©',42),(42105,'Marac√≥',42),(42112,'Puel√©n',42),(42119,'Quem√∫ Quem√∫',42),(42126,'Rancul',42),(42133,'Realic√≥',42),(42140,'Toay',42),(42147,'Trenel',42),(42154,'Utrac√°n',42),(46007,'Arauco',46),(46014,'Capital',46),(46021,'Castro Barros',46),(46028,'Coronel Felipe Varela',46),(46035,'Chamical',46),(46042,'Chilecito',46),(46049,'Famatina',46),(46056,'General √Ångel V. Pe√±aloza',46),(46063,'General Belgrano',46),(46070,'General Juan F. Quiroga',46),(46077,'General Lamadrid',46),(46084,'General Ocampo',46),(46091,'General San Mart√≠n',46),(46098,'Vinchina',46),(46105,'Independencia',46),(46112,'Rosario Vera Pe√±aloza',46),(46119,'San Blas de Los Sauces',46),(46126,'Sanagasta',46),(50007,'Capital',50),(50014,'General Alvear',50),(50021,'Godoy Cruz',50),(50028,'Guaymall√©n',50),(50035,'Jun√≠n',50),(50042,'La Paz',50),(50049,'Las Heras',50),(50056,'Lavalle',50),(50063,'Luj√°n de Cuyo',50),(50070,'Maip√∫',50),(50077,'Malarg√ºe',50),(50084,'Rivadavia',50),(50091,'San Carlos',50),(50098,'San Mart√≠n',50),(50105,'San Rafael',50),(50112,'Santa Rosa',50),(50119,'Tunuy√°n',50),(50126,'Tupungato',50),(54007,'Ap√≥stoles',54),(54014,'Caingu√°s',54),(54021,'Candelaria',54),(54028,'Capital',54),(54035,'Concepci√≥n',54),(54042,'Eldorado',54),(54049,'General Manuel Belgrano',54),(54056,'Guaran√≠',54),(54063,'Iguaz√∫',54),(54070,'Leandro N. Alem',54),(54077,'Libertador General San Mart√≠n',54),(54084,'Montecarlo',54),(54091,'Ober√°',54),(54098,'San Ignacio',54),(54105,'San Javier',54),(54112,'San Pedro',54),(54119,'25 de Mayo',54),(58007,'Alumin√©',58),(58014,'A√±elo',58),(58021,'Cat√°n Lil',58),(58028,'Coll√≥n Cur√°',58),(58035,'Confluencia',58),(58042,'Chos Malal',58),(58049,'Huiliches',58),(58056,'L√°car',58),(58063,'Loncopu√©',58),(58070,'Los Lagos',58),(58077,'Minas',58),(58084,'√ëorqu√≠n',58),(58091,'Pehuenches',58),(58098,'Pic√∫n Leuf√∫',58),(58105,'Picunches',58),(58112,'Zapala',58),(62007,'Adolfo Alsina',62),(62014,'Avellaneda',62),(62021,'Bariloche',62),(62028,'Conesa',62),(62035,'El Cuy',62),(62042,'General Roca',62),(62049,'9 de julio',62),(62056,'√ëorquinco',62),(62063,'Pichi Mahuida',62),(62070,'Pilcaniyeu',62),(62077,'San Antonio',62),(62084,'Valcheta',62),(62091,'25 de Mayo',62),(66007,'Anta',66),(66014,'Cachi',66),(66021,'Cafayate',66),(66028,'Capital',66),(66035,'Cerrillos',66),(66042,'Chicoana',66),(66049,'General G√ºemes',66),(66056,'General Jos√© de San Mart√≠n',66),(66063,'Guachipas',66),(66070,'Iruya',66),(66077,'La Caldera',66),(66084,'La Candelaria',66),(66091,'La Poma',66),(66098,'La Vi√±a',66),(66105,'Los Andes',66),(66112,'Met√°n',66),(66119,'Molinos',66),(66126,'Or√°n',66),(66133,'Rivadavia',66),(66140,'Rosario de la Frontera',66),(66147,'Rosario de Lerma',66),(66154,'San Carlos',66),(66161,'Santa Victoria',66),(70007,'Albard√≥n',70),(70014,'Angaco',70),(70021,'Calingasta',70),(70028,'Capital',70),(70035,'Caucete',70),(70042,'Chimbas',70),(70049,'Iglesia',70),(70056,'J√°chal',70),(70063,'9 de Julio',70),(70070,'Pocito',70),(70077,'Rawson',70),(70084,'Rivadavia',70),(70091,'San Mart√≠n',70),(70098,'Santa Luc√≠a',70),(70105,'Sarmiento',70),(70112,'Ullum',70),(70119,'Valle F√©rtil',70),(70126,'25 de Mayo',70),(70133,'Zonda',70),(74007,'Ayacucho',74),(74014,'Belgrano',74),(74021,'Coronel Pringles',74),(74028,'Chacabuco',74),(74035,'General Pedernera',74),(74042,'Gobernador Dupuy',74),(74049,'Jun√≠n',74),(74056,'Juan Mart√≠n de Pueyrred√≥n',74),(74063,'Libertador General San Mart√≠n',74),(78007,'Corpen Aike',78),(78014,'Deseado',78),(78021,'G√ºer Aike',78),(78028,'Lago Argentino',78),(78035,'Lago Buenos Aires',78),(78042,'Magallanes',78),(78049,'R√≠o Chico',78),(82007,'Belgrano',82),(82014,'Caseros',82),(82021,'Castellanos',82),(82028,'Villa Constituci√≥n',82),(82035,'Garay',82),(82042,'General L√≥pez',82),(82049,'General Obligado',82),(82056,'Iriondo',82),(82063,'La Capital',82),(82070,'Las Colonias',82),(82077,'9 de Julio',82),(82084,'Rosario',82),(82091,'San Crist√≥bal',82),(82098,'San Javier',82),(82105,'San Jer√≥nimo',82),(82112,'San Justo',82),(82119,'San Lorenzo',82),(82126,'San Mart√≠n',82),(82133,'Vera',82),(86007,'Aguirre',86),(86014,'Alberdi',86),(86021,'Atamisqui',86),(86028,'Avellaneda',86),(86035,'Banda',86),(86042,'Belgrano',86),(86049,'Capital',86),(86056,'Copo',86),(86063,'Choya',86),(86070,'Figueroa',86),(86077,'General Taboada',86),(86084,'Guasay√°n',86),(86091,'Jim√©nez',86),(86098,'Juan F. Ibarra',86),(86105,'Loreto',86),(86112,'Mitre',86),(86119,'Moreno',86),(86126,'Ojo de Agua',86),(86133,'Pellegrini',86),(86140,'Quebrachos',86),(86147,'R√≠o Hondo',86),(86154,'Rivadavia',86),(86161,'Robles',86),(86168,'Salavina',86),(86175,'San Mart√≠n',86),(86182,'Sarmiento',86),(86189,'Sil√≠pica',86),(90007,'Burruyac√∫',90),(90014,'Cruz Alta',90),(90021,'Chicligasta',90),(90028,'Famaill√°',90),(90035,'Graneros',90),(90042,'Juan Bautista Alberdi',90),(90049,'La Cocha',90),(90056,'Leales',90),(90063,'Lules',90),(90070,'Monteros',90),(90077,'R√≠o Chico',90),(90084,'Capital',90),(90091,'Simoca',90),(90098,'Taf√≠ del Valle',90),(90105,'Taf√≠ Viejo',90),(90112,'Trancas',90),(90119,'Yerba Buena',90),(94008,'R√≠o Grande',94),(94015,'Ushuaia',94);
/*!40000 ALTER TABLE `localidades` ENABLE KEYS */;
UNLOCK TABLES;

--
-- Table structure for table `provincias`
--

DROP TABLE IF EXISTS `provincias`;
/*!40101 SET @saved_cs_client     = @@character_set_client */;
/*!50503 SET character_set_client = utf8mb4 */;
CREATE TABLE `provincias` (
  `id_provincia` int(11) NOT NULL,
  `nombre_provincia` varchar(75) DEFAULT NULL,
  PRIMARY KEY (`id_provincia`)
) ENGINE=InnoDB DEFAULT CHARSET=latin1;
/*!40101 SET character_set_client = @saved_cs_client */;

--
-- Dumping data for table `provincias`
--

LOCK TABLES `provincias` WRITE;
/*!40000 ALTER TABLE `provincias` DISABLE KEYS */;
INSERT INTO `provincias` VALUES (2,'Ciudad Aut√≥noma de Buenos Aires'),(6,'Buenos Aires'),(10,'Catamarca'),(14,'C√≥rdoba'),(18,'Corrientes'),(22,'Chaco'),(26,'Chubut'),(30,'Entre R√≠os'),(34,'Formosa'),(38,'Jujuy'),(42,'La Pampa'),(46,'La Rioja'),(50,'Mendoza'),(54,'Misiones'),(58,'Neuqu√©n'),(62,'R√≠o Negro'),(66,'Salta'),(70,'San Juan'),(74,'San Luis'),(78,'Santa Cruz'),(82,'Santa Fe'),(86,'Santiago del Estero'),(90,'Tucum√°n'),(94,'Tierra del Fuego, Ant√°rtida e Islas del Atl√°ntico Sur');
/*!40000 ALTER TABLE `provincias` ENABLE KEYS */;
UNLOCK TABLES;
/*!40103 SET TIME_ZONE=@OLD_TIME_ZONE */;

/*!40101 SET SQL_MODE=@OLD_SQL_MODE */;
/*!40014 SET FOREIGN_KEY_CHECKS=@OLD_FOREIGN_KEY_CHECKS */;
/*!40014 SET UNIQUE_CHECKS=@OLD_UNIQUE_CHECKS */;
/*!40101 SET CHARACTER_SET_CLIENT=@OLD_CHARACTER_SET_CLIENT */;
/*!40101 SET CHARACTER_SET_RESULTS=@OLD_CHARACTER_SET_RESULTS */;
/*!40101 SET COLLATION_CONNECTION=@OLD_COLLATION_CONNECTION */;
/*!40111 SET SQL_NOTES=@OLD_SQL_NOTES */;

-- Dump completed on 2023-10-26 15:27:21
